Workbook

Sheet Instructions
A1: Project Register Template v3
A2: Use with the Project Status & Resource Engagement Plan Dashboard.
A4: HOW TO USE
A5: 1. Add or edit master data first: sheets Resources, Projects, Holidays_Leave. Lists holds roles, test statuses and priorities.
A6: 2. Enter work on the 'Project Register' sheet, one task per row, starting at row 2. Keep the header row unchanged.
A7: 3. Open the 'Data Check' sheet. Every row should say OK before you import. It also shows the allocation % each person gets on that task.
A8: 4. Import 'Project Register' into the dashboard (Setup > Import Project Register).
A10: CONVENTIONS (assumptions - change here if your rules differ)
A11: Working week: Sunday to Thursday (Friday and Saturday are weekends). Holidays come from Holidays_Leave.
A12: Effort MD is the TOTAL effort for the task and is split evenly across all assigned resources (Resource 1-3).
A13: Allocation % per person = Effort MD / (working days x number of resources). Leave 'Allocation / Resource' as Auto; the dashboard calculates it.
A14: Only Test Statuses marked 'Yes' in Lists > 'Counts toward load' are included in workload. Change the flags in Lists as needed.
... A24: Rows starting with [DEMO] are examples. Delete them before real use.

Sheet Project Register
A1: Project | B1: JIRA ID | C1: Task Details | D1: PM | E1: Start Date | F1: End Date | G1: Effort MD | H1: Resource 1 | I1: Role 1 | J1: Resource 2 | K1: Role 2 | L1: Resource 3 | M1: Role 3 | N1: Allocation / Resource | O1: Test Status | P1: Priority | Q1: Project Status | R1: Release Date
A2: HRMS | B2: DEMO-HRMS-001 | C2: [DEMO] Employee Profile Enhancement | D2: Demo PM | E2: 46299 | F2: 46303 | G2: 5 | H2: Demo Resource A | I2: SQA Engineer | N2: Auto | O2: Testing In Progress | P2: High | Q2: In Testing
A3: E-Recruitment | B3: DEMO-REC-001 | C3: [DEMO] Candidate Search Improvement (overlaps A) | D3: Demo PM | E3: 46299 | F3: 46303 | G3: 3 | H3: Demo Resource A | I3: SQA Engineer | J3: Demo Resource B | K3: Sr. SQA Engineer | N3: Auto | O3: Test Case Review | P3: Medium
A4: BHP | B4: DEMO-BHP-001 | C4: [DEMO] Dashboard Regression Testing | D4: Demo PM | E4: 46306 | F4: 46310 | G4: 4 | H4: Demo Resource C | I4: Lead SQA Engineer | N4: Auto | O4: Regression Testing | P4: High
A5: FM Dashboard | B5: DEMO-FM-001 | C5: [DEMO] Urgent Hotfix Verification (overlaps C) | D5: Demo PM | E5: 46306 | F5: 46308 | G5: 3 | H5: Demo Resource C | I5: Lead SQA Engineer | N5: Auto | O5: Ready for Testing | P5: Critical
A6: CMN | B6: DEMO-CMN-001 | C6: [DEMO] API Integration Validation | D6: Demo PM | E6: 46306 | F6: 46310 | G6: 4 | H6: Demo Resource B | I6: Sr. SQA Engineer | J6: Demo Resource D | K6: Jr. SQA Engineer | N6: Auto | O6: Test Case Writing | P6: Medium
A7: ED Dashboard | B7: DEMO-ED-001 | C7: [DEMO] Report Filter Checks (under-used week) | D7: Demo PM | E7: 46313 | F7: 46317 | G7: 2 | H7: Demo Resource B | I7: Sr. SQA Engineer | N7: Auto | O7: Not Started | P7: Low
A8: BSL | B8: DEMO-BSL-001 | C8: [DEMO] Loan Module Smoke Test | D8: Demo PM | E8: 46313 | F8: 46317 | G8: 5 | H8: Demo Resource D | I8: Jr. SQA Engineer | N8: Auto | O8: Ready for Testing | P8: Medium
A9: BRAC International | B9: DEMO-BRAC-001 | C9: [DEMO] Three-person Release Testing | D9: Demo PM | E9: 46320 | F9: 46324 | G9: 6 | H9: Demo Resource A | I9: SQA Engineer | J9: Demo Resource B | K9: Sr. SQA Engineer | L9: Demo Resource C | M9: Lead SQA Engineer | N9: Auto | O9: Not Started | P9: High
A10: BBSO | B10: DEMO-BBSO-001 | C10: [DEMO] Already live - goes to Deployed in Live | D10: Demo PM | E10: 46285 | F10: 46289 | G10: 5 | H10: Demo Resource A | I10: SQA Engineer | N10: Auto | O10: Completed | P10: Low | Q10: Deployed in Live | R10: 46290

Sheet Data Check
A1: Register Row | B1: JIRA ID | C1: Working Days | D1: Resources | E1: Allocation / Resource | F1: Issues | G1: Result
A2: =IF('Project Register'!$A2="","",ROW('Project Register'!A2)) -> 2 | B2: =IF('Project Register'!$A2="","",'Project Register'!B2) -> DEMO-HRMS-001 | C2: =IF('Project Register'!$A2="","",IF(OR('Project Register'!E2="",'Project Register'!F2=""),"",IF('Project Register'!F2<'Project Register'!E2,0,NETWORKDAYS.INTL('Project Register'!E2,'Project Register'!F2,"0000110",Holidays_Leave!$A$3:$A$62)))) -> 5 | D2: =IF('Project Register'!$A2="","",('Project Register'!H2<>"")+('Project Register'!J2<>"")+('Project Register'!L2<>"")) -> 1 | E2: =IF(OR(C2="",D2="",'Project Register'!G2=""),"",IF(OR(C2=0,D2=0),"",'Project Register'!G2/(C2*D2))) -> 1 | F2: =IF('Project Register'!$A2="","",TRIM(IF(OR('Project Register'!E2="",'Project Register'!F2=""),"Missing date. ","")&IF(AND('Project Register'!E2<>"",'Project Register'!F2<>"",'Project Register'!F2<'Project Register'!E2),"End before start. ","")&IF(NOT(ISNUMBER('Project Register'!G2)),"Effort missing. ","")&IF(D2=0,"No resource. ","")&IF(AND('Project Register'!H2<>"",'Project Register'!I2=""),"Role 1 missing. ","")&IF(AND('Project Register'!J2<>"",'Project Register'!K2=""),"Role 2 missing. ","")&IF(AND('Project Register'!L2<>"",'Project Register'!M2=""),"Role 3 missing. ","")&IF(OR(AND('Project Register'!H2<>"",'Project Register'!H2='Project Register'!J2),AND('Project Register'!H2<>"",'Project Register'!H2='Project Register'!L2),AND('Project Register'!J2<>"",'Project Register'!J2='Project Register'!L2)),"Same person listed twice. ","")&IF(AND('Project Register'!H2<>"",COUNTIF(Resources!$A$2:$A$51,'Project Register'!H2)=0),"Resource 1 not in Resources sheet. ","")&IF(AND('Project Register'!J2<>"",COUNTIF(Resources!$A$2:$A$51,'Project Register'!J2)=0),"Resource 2 not in Resources sheet. ","")&IF(AND('Project Register'!L2<>"",COUNTIF(Resources!$A$2:$A$51,'Project Register'!L2)=0),"Resource 3 not in Resources sheet. ","")&IF('Project Register'!O2="","Test Status missing. ","")&IF(AND(ISNUMBER(E2),E2>1),"This task alone needs over 100% per person. ","")&IF(AND('Project Register'!Q2="Deployed in Live",'Project Register'!R2=""),"Release Date blank (import date will be used). ",""))) | G2: =IF('Project Register'!$A2="","",IF(F2="","OK","Check")) -> OK
A3: =IF('Project Register'!$A3="","",ROW('Project Register'!A3)) -> 3 | B3: =IF('Project Register'!$A3="","",'Project Register'!B3) -> DEMO-REC-001 | C3: =IF('Project Register'!$A3="","",IF(OR('Project Register'!E3="",'Project Register'!F3=""),"",IF('Project Register'!F3<'Project Register'!E3,0,NETWORKDAYS.INTL('Project Register'!E3,'Project Register'!F3,"0000110",Holidays_Leave!$A$3:$A$62)))) -> 5 | D3: =IF('Project Register'!$A3="","",('Project Register'!H3<>"")+('Project Register'!J3<>"")+('Project Register'!L3<>"")) -> 2 | E3: =IF(OR(C3="",D3="",'Project Register'!G3=""),"",IF(OR(C3=0,D3=0),"",'Project Register'!G3/(C3*D3))) -> 0.3 | F3: =IF('Project Register'!$A3="","",TRIM(IF(OR('Project Register'!E3="",'Project Register'!F3=""),"Missing date. ","")&IF(AND('Project Register'!E3<>"",'Project Register'!F3<>"",'Project Register'!F3<'Project Register'!E3),"End before start. ","")&IF(NOT(ISNUMBER('Project Register'!G3)),"Effort missing. ","")&IF(D3=0,"No resource. ","")&IF(AND('Project Register'!H3<>"",'Project Register'!I3=""),"Role 1 missing. ","")&IF(AND('Project Register'!J3<>"",'Project Register'!K3=""),"Role 2 missing. ","")&IF(AND('Project Register'!L3<>"",'Project Register'!M3=""),"Role 3 missing. ","")&IF(OR(AND('Project Register'!H3<>"",'Project Register'!H3='Project Register'!J3),AND('Project Register'!H3<>"",'Project Register'!H3='Project Register'!L3),AND('Project Register'!J3<>"",'Project Register'!J3='Project Register'!L3)),"Same person listed twice. ","")&IF(AND('Project Register'!H3<>"",COUNTIF(Resources!$A$2:$A$51,'Project Register'!H3)=0),"Resource 1 not in Resources sheet. ","")&IF(AND('Project Register'!J3<>"",COUNTIF(Resources!$A$2:$A$51,'Project Register'!J3)=0),"Resource 2 not in Resources sheet. ","")&IF(AND('Project Register'!L3<>"",COUNTIF(Resources!$A$2:$A$51,'Project Register'!L3)=0),"Resource 3 not in Resources sheet. ","")&IF('Project Register'!O3="","Test Status missing. ","")&IF(AND(ISNUMBER(E3),E3>1),"This task alone needs over 100% per person. ","")&IF(AND('Project Register'!Q3="Deployed in Live",'Project Register'!R3=""),"Release Date blank (import date will be used). ",""))) | G3: =IF('Project Register'!$A3="","",IF(F3="","OK","Check")) -> OK
A4: =IF('Project Register'!$A4="","",ROW('Project Register'!A4)) -> 4 | B4: =IF('Project Register'!$A4="","",'Project Register'!B4) -> DEMO-BHP-001 | C4: =IF('Project Register'!$A4="","",IF(OR('Project Register'!E4="",'Project Register'!F4=""),"",IF('Project Register'!F4<'Project Register'!E4,0,NETWORKDAYS.INTL('Project Register'!E4,'Project Register'!F4,"0000110",Holidays_Leave!$A$3:$A$62)))) -> 5 | D4: =IF('Project Register'!$A4="","",('Project Register'!H4<>"")+('Project Register'!J4<>"")+('Project Register'!L4<>"")) -> 1 | E4: =IF(OR(C4="",D4="",'Project Register'!G4=""),"",IF(OR(C4=0,D4=0),"",'Project Register'!G4/(C4*D4))) -> 0.8 | F4: =IF('Project Register'!$A4="","",TRIM(IF(OR('Project Register'!E4="",'Project Register'!F4=""),"Missing date. ","")&IF(AND('Project Register'!E4<>"",'Project Register'!F4<>"",'Project Register'!F4<'Project Register'!E4),"End before start. ","")&IF(NOT(ISNUMBER('Project Register'!G4)),"Effort missing. ","")&IF(D4=0,"No resource. ","")&IF(AND('Project Register'!H4<>"",'Project Register'!I4=""),"Role 1 missing. ","")&IF(AND('Project Register'!J4<>"",'Project Register'!K4=""),"Role 2 missing. ","")&IF(AND('Project Register'!L4<>"",'Project Register'!M4=""),"Role 3 missing. ","")&IF(OR(AND('Project Register'!H4<>"",'Project Register'!H4='Project Register'!J4),AND('Project Register'!H4<>"",'Project Register'!H4='Project Register'!L4),AND('Project Register'!J4<>"",'Project Register'!J4='Project Register'!L4)),"Same person listed twice. ","")&IF(AND('Project Register'!H4<>"",COUNTIF(Resources!$A$2:$A$51,'Project Register'!H4)=0),"Resource 1 not in Resources sheet. ","")&IF(AND('Project Register'!J4<>"",COUNTIF(Resources!$A$2:$A$51,'Project Register'!J4)=0),"Resource 2 not in Resources sheet. ","")&IF(AND('Project Register'!L4<>"",COUNTIF(Resources!$A$2:$A$51,'Project Register'!L4)=0),"Resource 3 not in Resources sheet. ","")&IF('Project Register'!O4="","Test Status missing. ","")&IF(AND(ISNUMBER(E4),E4>1),"This task alone needs over 100% per person. ","")&IF(AND('Project Register'!Q4="Deployed in Live",'Project Register'!R4=""),"Release Date blank (import date will be used). ",""))) | G4: =IF('Project Register'!$A4="","",IF(F4="","OK","Check")) -> OK
A5: =IF('Project Register'!$A5="","",ROW('Project Register'!A5)) -> 5 | B5: =IF('Project Register'!$A5="","",'Project Register'!B5) -> DEMO-FM-001 | C5: =IF('Project Register'!$A5="","",IF(OR('Project Register'!E5="",'Project Register'!F5=""),"",IF('Project Register'!F5<'Project Register'!E5,0,NETWORKDAYS.INTL('Project Register'!E5,'Project Register'!F5,"0000110",Holidays_Leave!$A$3:$A$62)))) -> 3 | D5: =IF('Project Register'!$A5="","",('Project Register'!H5<>"")+('Project Register'!J5<>"")+('Project Register'!L5<>"")) -> 1 | E5: =IF(OR(C5="",D5="",'Project Register'!G5=""),"",IF(OR(C5=0,D5=0),"",'Project Register'!G5/(C5*D5))) -> 1 | F5: =IF('Project Register'!$A5="","",TRIM(IF(OR('Project Register'!E5="",'Project Register'!F5=""),"Missing date. ","")&IF(AND('Project Register'!E5<>"",'Project Register'!F5<>"",'Project Register'!F5<'Project Register'!E5),"End before start. ","")&IF(NOT(ISNUMBER('Project Register'!G5)),"Effort missing. ","")&IF(D5=0,"No resource. ","")&IF(AND('Project Register'!H5<>"",'Project Register'!I5=""),"Role 1 missing. ","")&IF(AND('Project Register'!J5<>"",'Project Register'!K5=""),"Role 2 missing. ","")&IF(AND('Project Register'!L5<>"",'Project Register'!M5=""),"Role 3 missing. ","")&IF(OR(AND('Project Register'!H5<>"",'Project Register'!H5='Project Register'!J5),AND('Project Register'!H5<>"",'Project Register'!H5='Project Register'!L5),AND('Project Register'!J5<>"",'Project Register'!J5='Project Register'!L5)),"Same person listed twice. ","")&IF(AND('Project Register'!H5<>"",COUNTIF(Resources!$A$2:$A$51,'Project Register'!H5)=0),"Resource 1 not in Resources sheet. ","")&IF(AND('Project Register'!J5<>"",COUNTIF(Resources!$A$2:$A$51,'Project Register'!J5)=0),"Resource 2 not in Resources sheet. ","")&IF(AND('Project Register'!L5<>"",COUNTIF(Resources!$A$2:$A$51,'Project Register'!L5)=0),"Resource 3 not in Resources sheet. ","")&IF('Project Register'!O5="","Test Status missing. ","")&IF(AND(ISNUMBER(E5),E5>1),"This task alone needs over 100% per person. ","")&IF(AND('Project Register'!Q5="Deployed in Live",'Project Register'!R5=""),"Release Date blank (import date will be used). ",""))) | G5: =IF('Project Register'!$A5="","",IF(F5="","OK","Check")) -> OK
A6: =IF('Project Register'!$A6="","",ROW('Project Register'!A6)) -> 6 | B6: =IF('Project Register'!$A6="","",'Project Register'!B6) -> DEMO-CMN-001 | C6: =IF('Project Register'!$A6="","",IF(OR('Project Register'!E6="",'Project Register'!F6=""),"",IF('Project Register'!F6<'Project Register'!E6,0,NETWORKDAYS.INTL('Project Register'!E6,'Project Register'!F6,"0000110",Holidays_Leave!$A$3:$A$62)))) -> 5 | D6: =IF('Project Register'!$A6="","",('Project Register'!H6<>"")+('Project Register'!J6<>"")+('Project Register'!L6<>"")) -> 2 | E6: =IF(OR(C6="",D6="",'Project Register'!G6=""),"",IF(OR(C6=0,D6=0),"",'Project Register'!G6/(C6*D6))) -> 0.4 | F6: =IF('Project Register'!$A6="","",TRIM(IF(OR('Project Register'!E6="",'Project Register'!F6=""),"Missing date. ","")&IF(AND('Project Register'!E6<>"",'Project Register'!F6<>"",'Project Register'!F6<'Project Register'!E6),"End before start. ","")&IF(NOT(ISNUMBER('Project Register'!G6)),"Effort missing. ","")&IF(D6=0,"No resource. ","")&IF(AND('Project Register'!H6<>"",'Project Register'!I6=""),"Role 1 missing. ","")&IF(AND('Project Register'!J6<>"",'Project Register'!K6=""),"Role 2 missing. ","")&IF(AND('Project Register'!L6<>"",'Project Register'!M6=""),"Role 3 missing. ","")&IF(OR(AND('Project Register'!H6<>"",'Project Register'!H6='Project Register'!J6),AND('Project Register'!H6<>"",'Project Register'!H6='Project Register'!L6),AND('Project Register'!J6<>"",'Project Register'!J6='Project Register'!L6)),"Same person listed twice. ","")&IF(AND('Project Register'!H6<>"",COUNTIF(Resources!$A$2:$A$51,'Project Register'!H6)=0),"Resource 1 not in Resources sheet. ","")&IF(AND('Project Register'!J6<>"",COUNTIF(Resources!$A$2:$A$51,'Project Register'!J6)=0),"Resource 2 not in Resources sheet. ","")&IF(AND('Project Register'!L6<>"",COUNTIF(Resources!$A$2:$A$51,'Project Register'!L6)=0),"Resource 3 not in Resources sheet. ","")&IF('Project Register'!O6="","Test Status missing. ","")&IF(AND(ISNUMBER(E6),E6>1),"This task alone needs over 100% per person. ","")&IF(AND('Project Register'!Q6="Deployed in Live",'Project Register'!R6=""),"Release Date blank (import date will be used). ",""))) | G6: =IF('Project Register'!$A6="","",IF(F6="","OK","Check")) -> OK
A7: =IF('Project Register'!$A7="","",ROW('Project Register'!A7)) -> 7 | B7: =IF('Project Register'!$A7="","",'Project Register'!B7) -> DEMO-ED-001 | C7: =IF('Project Register'!$A7="","",IF(OR('Project Register'!E7="",'Project Register'!F7=""),"",IF('Project Register'!F7<'Project Register'!E7,0,NETWORKDAYS.INTL('Project Register'!E7,'Project Register'!F7,"0000110",Holidays_Leave!$A$3:$A$62)))) -> 5 | D7: =IF('Project Register'!$A7="","",('Project Register'!H7<>"")+('Project Register'!J7<>"")+('Project Register'!L7<>"")) -> 1 | E7: =IF(OR(C7="",D7="",'Project Register'!G7=""),"",IF(OR(C7=0,D7=0),"",'Project Register'!G7/(C7*D7))) -> 0.4 | F7: =IF('Project Register'!$A7="","",TRIM(IF(OR('Project Register'!E7="",'Project Register'!F7=""),"Missing date. ","")&IF(AND('Project Register'!E7<>"",'Project Register'!F7<>"",'Project Register'!F7<'Project Register'!E7),"End before start. ","")&IF(NOT(ISNUMBER('Project Register'!G7)),"Effort missing. ","")&IF(D7=0,"No resource. ","")&IF(AND('Project Register'!H7<>"",'Project Register'!I7=""),"Role 1 missing. ","")&IF(AND('Project Register'!J7<>"",'Project Register'!K7=""),"Role 2 missing. ","")&IF(AND('Project Register'!L7<>"",'Project Register'!M7=""),"Role 3 missing. ","")&IF(OR(AND('Project Register'!H7<>"",'Project Register'!H7='Project Register'!J7),AND('Project Register'!H7<>"",'Project Register'!H7='Project Register'!L7),AND('Project Register'!J7<>"",'Project Register'!J7='Project Register'!L7)),"Same person listed twice. ","")&IF(AND('Project Register'!H7<>"",COUNTIF(Resources!$A$2:$A$51,'Project Register'!H7)=0),"Resource 1 not in Resources sheet. ","")&IF(AND('Project Register'!J7<>"",COUNTIF(Resources!$A$2:$A$51,'Project Register'!J7)=0),"Resource 2 not in Resources sheet. ","")&IF(AND('Project Register'!L7<>"",COUNTIF(Resources!$A$2:$A$51,'Project Register'!L7)=0),"Resource 3 not in Resources sheet. ","")&IF('Project Register'!O7="","Test Status missing. ","")&IF(AND(ISNUMBER(E7),E7>1),"This task alone needs over 100% per person. ","")&IF(AND('Project Register'!Q7="Deployed in Live",'Project Register'!R7=""),"Release Date blank (import date will be used). ",""))) | G7: =IF('Project Register'!$A7="","",IF(F7="","OK","Check")) -> OK
A8: =IF('Project Register'!$A8="","",ROW('Project Register'!A8)) -> 8 | B8: =IF('Project Register'!$A8="","",'Project Register'!B8) -> DEMO-BSL-001 | C8: =IF('Project Register'!$A8="","",IF(OR('Project Register'!E8="",'Project Register'!F8=""),"",IF('Project Register'!F8<'Project Register'!E8,0,NETWORKDAYS.INTL('Project Register'!E8,'Project Register'!F8,"0000110",Holidays_Leave!$A$3:$A$62)))) -> 5 | D8: =IF('Project Register'!$A8="","",('Project Register'!H8<>"")+('Project Register'!J8<>"")+('Project Register'!L8<>"")) -> 1 | E8: =IF(OR(C8="",D8="",'Project Register'!G8=""),"",IF(OR(C8=0,D8=0),"",'Project Register'!G8/(C8*D8))) -> 1 | F8: =IF('Project Register'!$A8="","",TRIM(IF(OR('Project Register'!E8="",'Project Register'!F8=""),"Missing date. ","")&IF(AND('Project Register'!E8<>"",'Project Register'!F8<>"",'Project Register'!F8<'Project Register'!E8),"End before start. ","")&IF(NOT(ISNUMBER('Project Register'!G8)),"Effort missing. ","")&IF(D8=0,"No resource. ","")&IF(AND('Project Register'!H8<>"",'Project Register'!I8=""),"Role 1 missing. ","")&IF(AND('Project Register'!J8<>"",'Project Register'!K8=""),"Role 2 missing. ","")&IF(AND('Project Register'!L8<>"",'Project Register'!M8=""),"Role 3 missing. ","")&IF(OR(AND('Project Register'!H8<>"",'Project Register'!H8='Project Register'!J8),AND('Project Register'!H8<>"",'Project Register'!H8='Project Register'!L8),AND('Project Register'!J8<>"",'Project Register'!J8='Project Register'!L8)),"Same person listed twice. ","")&IF(AND('Project Register'!H8<>"",COUNTIF(Resources!$A$2:$A$51,'Project Register'!H8)=0),"Resource 1 not in Resources sheet. ","")&IF(AND('Project Register'!J8<>"",COUNTIF(Resources!$A$2:$A$51,'Project Register'!J8)=0),"Resource 2 not in Resources sheet. ","")&IF(AND('Project Register'!L8<>"",COUNTIF(Resources!$A$2:$A$51,'Project Register'!L8)=0),"Resource 3 not in Resources sheet. ","")&IF('Project Register'!O8="","Test Status missing. ","")&IF(AND(ISNUMBER(E8),E8>1),"This task alone needs over 100% per person. ","")&IF(AND('Project Register'!Q8="Deployed in Live",'Project Register'!R8=""),"Release Date blank (import date will be used). ",""))) | G8: =IF('Project Register'!$A8="","",IF(F8="","OK","Check")) -> OK
A9: =IF('Project Register'!$A9="","",ROW('Project Register'!A9)) -> 9 | B9: =IF('Project Register'!$A9="","",'Project Register'!B9) -> DEMO-BRAC-001 | C9: =IF('Project Register'!$A9="","",IF(OR('Project Register'!E9="",'Project Register'!F9=""),"",IF('Project Register'!F9<'Project Register'!E9,0,NETWORKDAYS.INTL('Project Register'!E9,'Project Register'!F9,"0000110",Holidays_Leave!$A$3:$A$62)))) -> 5 | D9: =IF('Project Register'!$A9="","",('Project Register'!H9<>"")+('Project Register'!J9<>"")+('Project Register'!L9<>"")) -> 3 | E9: =IF(OR(C9="",D9="",'Project Register'!G9=""),"",IF(OR(C9=0,D9=0),"",'Project Register'!G9/(C9*D9))) -> 0.4 | F9: =IF('Project Register'!$A9="","",TRIM(IF(OR('Project Register'!E9="",'Project Register'!F9=""),"Missing date. ","")&IF(AND('Project Register'!E9<>"",'Project Register'!F9<>"",'Project Register'!F9<'Project Register'!E9),"End before start. ","")&IF(NOT(ISNUMBER('Project Register'!G9)),"Effort missing. ","")&IF(D9=0,"No resource. ","")&IF(AND('Project Register'!H9<>"",'Project Register'!I9=""),"Role 1 missing. ","")&IF(AND('Project Register'!J9<>"",'Project Register'!K9=""),"Role 2 missing. ","")&IF(AND('Project Register'!L9<>"",'Project Register'!M9=""),"Role 3 missing. ","")&IF(OR(AND('Project Register'!H9<>"",'Project Register'!H9='Project Register'!J9),AND('Project Register'!H9<>"",'Project Register'!H9='Project Register'!L9),AND('Project Register'!J9<>"",'Project Register'!J9='Project Register'!L9)),"Same person listed twice. ","")&IF(AND('Project Register'!H9<>"",COUNTIF(Resources!$A$2:$A$51,'Project Register'!H9)=0),"Resource 1 not in Resources sheet. ","")&IF(AND('Project Register'!J9<>"",COUNTIF(Resources!$A$2:$A$51,'Project Register'!J9)=0),"Resource 2 not in Resources sheet. ","")&IF(AND('Project Register'!L9<>"",COUNTIF(Resources!$A$2:$A$51,'Project Register'!L9)=0),"Resource 3 not in Resources sheet. ","")&IF('Project Register'!O9="","Test Status missing. ","")&IF(AND(ISNUMBER(E9),E9>1),"This task alone needs over 100% per person. ","")&IF(AND('Project Register'!Q9="Deployed in Live",'Project Register'!R9=""),"Release Date blank (import date will be used). ",""))) | G9: =IF('Project Register'!$A9="","",IF(F9="","OK","Check")) -> OK
A10: =IF('Project Register'!$A10="","",ROW('Project Register'!A10)) -> 10 | B10: =IF('Project Register'!$A10="","",'Project Register'!B10) -> DEMO-BBSO-001 | C10: =IF('Project Register'!$A10="","",IF(OR('Project Register'!E10="",'Project Register'!F10=""),"",IF('Project Register'!F10<'Project Register'!E10,0,NETWORKDAYS.INTL('Project Register'!E10,'Project Register'!F10,"0000110",Holidays_Leave!$A$3:$A$62)))) -> 5 | D10: =IF('Project Register'!$A10="","",('Project Register'!H10<>"")+('Project Register'!J10<>"")+('Project Register'!L10<>"")) -> 1 | E10: =IF(OR(C10="",D10="",'Project Register'!G10=""),"",IF(OR(C10=0,D10=0),"",'Project Register'!G10/(C10*D10))) -> 1 | F10: =IF('Project Register'!$A10="","",TRIM(IF(OR('Project Register'!E10="",'Project Register'!F10=""),"Missing date. ","")&IF(AND('Project Register'!E10<>"",'Project Register'!F10<>"",'Project Register'!F10<'Project Register'!E10),"End before start. ","")&IF(NOT(ISNUMBER('Project Register'!G10)),"Effort missing. ","")&IF(D10=0,"No resource. ","")&IF(AND('Project Register'!H10<>"",'Project Register'!I10=""),"Role 1 missing. ","")&IF(AND('Project Register'!J10<>"",'Project Register'!K10=""),"Role 2 missing. ","")&IF(AND('Project Register'!L10<>"",'Project Register'!M10=""),"Role 3 missing. ","")&IF(OR(AND('Project Register'!H10<>"",'Project Register'!H10='Project Register'!J10),AND('Project Register'!H10<>"",'Project Register'!H10='Project Register'!L10),AND('Project Register'!J10<>"",'Project Register'!J10='Project Register'!L10)),"Same person listed twice. ","")&IF(AND('Project Register'!H10<>"",COUNTIF(Resources!$A$2:$A$51,'Project Register'!H10)=0),"Resource 1 not in Resources sheet. ","")&IF(AND('Project Register'!J10<>"",COUNTIF(Resources!$A$2:$A$51,'Project Register'!J10)=0),"Resource 2 not in Resources sheet. ","")&IF(AND('Project Register'!L10<>"",COUNTIF(Resources!$A$2:$A$51,'Project Register'!L10)=0),"Resource 3 not in Resources sheet. ","")&IF('Project Register'!O10="","Test Status missing. ","")&IF(AND(ISNUMBER(E10),E10>1),"This task alone needs over 100% per person. ","")&IF(AND('Project Register'!Q10="Deployed in Live",'Project Register'!R10=""),"Release Date blank (import date will be used). ",""))) | G10: =IF('Project Register'!$A10="","",IF(F10="","OK","Check")) -> OK
A11: =IF('Project Register'!$A11="","",ROW('Project Register'!A11)) | B11: =IF('Project Register'!$A11="","",'Project Register'!B11) | C11: =IF('Project Register'!$A11="","",IF(OR('Project Register'!E11="",'Project Register'!F11=""),"",IF('Project Register'!F11<'Project Register'!E11,0,NETWORKDAYS.INTL('Project Register'!E11,'Project Register'!F11,"0000110",Holidays_Leave!$A$3:$A$62)))) | D11: =IF('Project Register'!$A11="","",('Project Register'!H11<>"")+('Project Register'!J11<>"")+('Project Register'!L11<>"")) | E11: =IF(OR(C11="",D11="",'Project Register'!G11=""),"",IF(OR(C11=0,D11=0),"",'Project Register'!G11/(C11*D11))) | F11: =IF('Project Register'!$A11="","",TRIM(IF(OR('Project Register'!E11="",'Project Register'!F11=""),"Missing date. ","")&IF(AND('Project Register'!E11<>"",'Project Register'!F11<>"",'Project Register'!F11<'Project Register'!E11),"End before start. ","")&IF(NOT(ISNUMBER('Project Register'!G11)),"Effort missing. ","")&IF(D11=0,"No resource. ","")&IF(AND('Project Register'!H11<>"",'Project Register'!I11=""),"Role 1 missing. ","")&IF(AND('Project Register'!J11<>"",'Project Register'!K11=""),"Role 2 missing. ","")&IF(AND('Project Register'!L11<>"",'Project Register'!M11=""),"Role 3 missing. ","")&IF(OR(AND('Project Register'!H11<>"",'Project Register'!H11='Project Register'!J11),AND('Project Register'!H11<>"",'Project Register'!H11='Project Register'!L11),AND('Project Register'!J11<>"",'Project Register'!J11='Project Register'!L11)),"Same person listed twice. ","")&IF(AND('Project Register'!H11<>"",COUNTIF(Resources!$A$2:$A$51,'Project Register'!H11)=0),"Resource 1 not in Resources sheet. ","")&IF(AND('Project Register'!J11<>"",COUNTIF(Resources!$A$2:$A$51,'Project Register'!J11)=0),"Resource 2 not in Resources sheet. ","")&IF(AND('Project Register'!L11<>"",COUNTIF(Resources!$A$2:$A$51,'Project Register'!L11)=0),"Resource 3 not in Resources sheet. ","")&IF('Project Register'!O11="","Test Status missing. ","")&IF(AND(ISNUMBER(E11),E11>1),"This task alone needs over 100% per person. ","")&IF(AND('Project Register'!Q11="Deployed in Live",'Project Register'!R11=""),"Release Date blank (import date will be used). ",""))) | G11: =IF('Project Register'!$A11="","",IF(F11="","OK","Check"))
A12: =IF('Project Register'!$A12="","",ROW('Project Register'!A12)) | B12: =IF('Project Register'!$A12="","",'Project Register'!B12) | C12: =IF('Project Register'!$A12="","",IF(OR('Project Register'!E12="",'Project Register'!F12=""),"",IF('Project Register'!F12<'Project Register'!E12,0,NETWORKDAYS.INTL('Project Register'!E12,'Project Register'!F12,"0000110",Holidays_Leave!$A$3:$A$62)))) | D12: =IF('Project Register'!$A12="","",('Project Register'!H12<>"")+('Project Register'!J12<>"")+('Project Register'!L12<>"")) | E12: =IF(OR(C12="",D12="",'Project Register'!G12=""),"",IF(OR(C12=0,D12=0),"",'Project Register'!G12/(C12*D12))) | F12: =IF('Project Register'!$A12="","",TRIM(IF(OR('Project Register'!E12="",'Project Register'!F12=""),"Missing date. ","")&IF(AND('Project Register'!E12<>"",'Project Register'!F12<>"",'Project Register'!F12<'Project Register'!E12),"End before start. ","")&IF(NOT(ISNUMBER('Project Register'!G12)),"Effort missing. ","")&IF(D12=0,"No resource. ","")&IF(AND('Project Register'!H12<>"",'Project Register'!I12=""),"Role 1 missing. ","")&IF(AND('Project Register'!J12<>"",'Project Register'!K12=""),"Role 2 missing. ","")&IF(AND('Project Register'!L12<>"",'Project Register'!M12=""),"Role 3 missing. ","")&IF(OR(AND('Project Register'!H12<>"",'Project Register'!H12='Project Register'!J12),AND('Project Register'!H12<>"",'Project Register'!H12='Project Register'!L12),AND('Project Register'!J12<>"",'Project Register'!J12='Project Register'!L12)),"Same person listed twice. ","")&IF(AND('Project Register'!H12<>"",COUNTIF(Resources!$A$2:$A$51,'Project Register'!H12)=0),"Resource 1 not in Resources sheet. ","")&IF(AND('Project Register'!J12<>"",COUNTIF(Resources!$A$2:$A$51,'Project Register'!J12)=0),"Resource 2 not in Resources sheet. ","")&IF(AND('Project Register'!L12<>"",COUNTIF(Resources!$A$2:$A$51,'Project Register'!L12)=0),"Resource 3 not in Resources sheet. ","")&IF('Project Register'!O12="","Test Status missing. ","")&IF(AND(ISNUMBER(E12),E12>1),"This task alone needs over 100% per person. ","")&IF(AND('Project Register'!Q12="Deployed in Live",'Project Register'!R12=""),"Release Date blank (import date will be used). ",""))) | G12: =IF('Project Register'!$A12="","",IF(F12="","OK","Check"))
A13: =IF('Project Register'!$A13="","",ROW('Project Register'!A13)) | B13: =IF('Project Register'!$A13="","",'Project Register'!B13) | C13: =IF('Project Register'!$A13="","",IF(OR('Project Register'!E13="",'Project Register'!F13=""),"",IF('Project Register'!F13<'Project Register'!E13,0,NETWORKDAYS.INTL('Project Register'!E13,'Project Register'!F13,"0000110",Holidays_Leave!$A$3:$A$62)))) | D13: =IF('Project Register'!$A13="","",('Project Register'!H13<>"")+('Project Register'!J13<>"")+('Project Register'!L13<>"")) | E13: =IF(OR(C13="",D13="",'Project Register'!G13=""),"",IF(OR(C13=0,D13=0),"",'Project Register'!G13/(C13*D13))) | F13: =IF('Project Register'!$A13="","",TRIM(IF(OR('Project Register'!E13="",'Project Register'!F13=""),"Missing date. ","")&IF(AND('Project Register'!E13<>"",'Project Register'!F13<>"",'Project Register'!F13<'Project Register'!E13),"End before start. ","")&IF(NOT(ISNUMBER('Project Register'!G13)),"Effort missing. ","")&IF(D13=0,"No resource. ","")&IF(AND('Project Register'!H13<>"",'Project Register'!I13=""),"Role 1 missing. ","")&IF(AND('Project Register'!J13<>"",'Project Register'!K13=""),"Role 2 missing. ","")&IF(AND('Project Register'!L13<>"",'Project Register'!M13=""),"Role 3 missing. ","")&IF(OR(AND('Project Register'!H13<>"",'Project Register'!H13='Project Register'!J13),AND('Project Register'!H13<>"",'Project Register'!H13='Project Register'!L13),AND('Project Register'!J13<>"",'Project Register'!J13='Project Register'!L13)),"Same person listed twice. ","")&IF(AND('Project Register'!H13<>"",COUNTIF(Resources!$A$2:$A$51,'Project Register'!H13)=0),"Resource 1 not in Resources sheet. ","")&IF(AND('Project Register'!J13<>"",COUNTIF(Resources!$A$2:$A$51,'Project Register'!J13)=0),"Resource 2 not in Resources sheet. ","")&IF(AND('Project Register'!L13<>"",COUNTIF(Resources!$A$2:$A$51,'Project Register'!L13)=0),"Resource 3 not in Resources sheet. ","")&IF('Project Register'!O13="","Test Status missing. ","")&IF(AND(ISNUMBER(E13),E13>1),"This task alone needs over 100% per person. ","")&IF(AND('Project Register'!Q13="Deployed in Live",'Project Register'!R13=""),"Release Date blank (import date will be used). ",""))) | G13: =IF('Project Register'!$A13="","",IF(F13="","OK","Check"))
... A500: =IF('Project Register'!$A500="","",ROW('Project Register'!A500)) | B500: =IF('Project Register'!$A500="","",'Project Register'!B500) | C500: =IF('Project Register'!$A500="","",IF(OR('Project Register'!E500="",'Project Register'!F500=""),"",IF('Project Register'!F500<'Project Register'!E500,0,NETWORKDAYS.INTL('Project Register'!E500,'Project Register'!F500,"0000110",Holidays_Leave!$A$3:$A$62)))) | D500: =IF('Project Register'!$A500="","",('Project Register'!H500<>"")+('Project Register'!J500<>"")+('Project Register'!L500<>"")) | E500: =IF(OR(C500="",D500="",'Project Register'!G500=""),"",IF(OR(C500=0,D500=0),"",'Project Register'!G500/(C500*D500))) | F500: =IF('Project Register'!$A500="","",TRIM(IF(OR('Project Register'!E500="",'Project Register'!F500=""),"Missing date. ","")&IF(AND('Project Register'!E500<>"",'Project Register'!F500<>"",'Project Register'!F500<'Project Register'!E500),"End before start. ","")&IF(NOT(ISNUMBER('Project Register'!G500)),"Effort missing. ","")&IF(D500=0,"No resource. ","")&IF(AND('Project Register'!H500<>"",'Project Register'!I500=""),"Role 1 missing. ","")&IF(AND('Project Register'!J500<>"",'Project Register'!K500=""),"Role 2 missing. ","")&IF(AND('Project Register'!L500<>"",'Project Register'!M500=""),"Role 3 missing. ","")&IF(OR(AND('Project Register'!H500<>"",'Project Register'!H500='Project Register'!J500),AND('Project Register'!H500<>"",'Project Register'!H500='Project Register'!L500),AND('Project Register'!J500<>"",'Project Register'!J500='Project Register'!L500)),"Same person listed twice. ","")&IF(AND('Project Register'!H500<>"",COUNTIF(Resources!$A$2:$A$51,'Project Register'!H500)=0),"Resource 1 not in Resources sheet. ","")&IF(AND('Project Register'!J500<>"",COUNTIF(Resources!$A$2:$A$51,'Project Register'!J500)=0),"Resource 2 not in Resources sheet. ","")&IF(AND('Project Register'!L500<>"",COUNTIF(Resources!$A$2:$A$51,'Project Register'!L500)=0),"Resource 3 not in Resources sheet. ","")&IF('Project Register'!O500="","Test Status missing. ","")&IF(AND(ISNUMBER(E500),E500>1),"This task alone needs over 100% per person. ","")&IF(AND('Project Register'!Q500="Deployed in Live",'Project Register'!R500=""),"Release Date blank (import date will be used). ",""))) | G500: =IF('Project Register'!$A500="","",IF(F500="","OK","Check"))

Sheet Resources
A1: Resource Name | B1: Default Role | C1: Capacity % | D1: Active | F1: Notes
A2: Demo Resource A | B2: SQA Engineer | C2: 1 | D2: Yes | F2: Capacity % is the share of the working week available for project work (100% = full time; use e.g. 80% if 20% goes to support or meetings).
A3: Demo Resource B | B3: Sr. SQA Engineer | C3: 1 | D3: Yes | F3: Add up to 50 resources (rows 2-51). Names here feed the Resource 1-3 dropdowns.
A4: Demo Resource C | B4: Lead SQA Engineer | C4: 1 | D4: Yes
A5: Demo Resource D | B5: Jr. SQA Engineer | C5: 1 | D5: Yes

Sheet Projects
A1: Project | B1: Active | D1: Add new projects below the last one (rows up to 100). The Project dropdown on the register reads this list.
A2: HRMS | B2: Yes
A3: E-Recruitment | B3: Yes
A4: FM Dashboard | B4: Yes
A5: ED Dashboard | B5: Yes
A6: BHP | B6: Yes
A7: BSL | B7: Yes
A8: BRAC International | B8: Yes
A9: BBSO | B9: Yes
A10: CMN | B10: Yes

Sheet Holidays_Leave
A1: Company Holidays | D1: Planned Leave | I1: Note
A2: Date | B2: Holiday | D2: Resource | E2: Leave From | F2: Leave To | G2: Type | I2: Holidays reduce working days in 'Data Check'. Leave rows are for the dashboard's capacity forecast; confirm your dashboard version reads this sheet before relying on it.
A3: 46372 | B3: [DEMO] Victory Day | D3: Demo Resource B | E3: 46334 | F3: 46338 | G3: Annual Leave

Sheet Lists
A1: Roles | C1: Test Status | D1: Counts toward load? | E1: Note | F1: Priority | H1: Project Status | I1: Only "Deployed in Live" has special meaning in the dashboard. The other values are examples; edit freely.
A2: Technical Lead | C2: Not Started | D2: Yes | E2: Planned work, counts as upcoming load | F2: Critical | H2: Unspecified
A3: Lead SQA Engineer | C3: Test Case Writing | D3: Yes | F3: High | H3: In Planning
A4: Sr. SQA Engineer | C4: Test Case Review | D4: Yes | F4: Medium | H4: In Development
A5: SQA Engineer | C5: TCW Done | D5: Yes | E5: Writing done, execution still ahead | F5: Low | H5: In Testing
A6: Jr. SQA Engineer | C6: Ready for Testing | D6: Yes | H6: UAT
A7: Intern | C7: Testing In Progress | D7: Yes | H7: Ready to GoLive
C8: TCE In Progress | D8: Yes | H8: Deployed in Live
C9: TCE Halt / Blocked | D9: Yes | E9: Resource is still reserved
C10: TCE Done | D10: No | E10: Execution finished
C11: Retesting | D11: Yes
C12: Regression Testing | D12: Yes
C13: UAT In Progress | D13: Yes
C14: UAT Support | D14: Yes
C15: UAT Halt / Blocked | D15: Yes | E15: Resource is still reserved
C16: UAT Done | D16: No
C17: Passed | D17: No
C18: Failed | D18: Yes | E18: Assumption: failed work will be retested. Set to No if closed.
C19: On Hold | D19: No | E19: Assumption: no capacity reserved while on hold.
C20: Completed | D20: No
